{"cameraMode":{"drawMode":0,"name":"Shaded","section":"Shading Mode"},"sceneLighting":true,"audioPlay":false,"sceneViewState":{"m_AlwaysRefresh":false,"showFog":true,"showSkybox":true,"showFlares":true,"showImageEffects":true,"showParticleSystems":true,"showVisualEffectGraphs":true,"m_FxEnabled":true},"in2DMode":false,"pivot":{"x":290.2020568847656,"y":360.59002685546877,"z":962.6764526367188},"rotation":{"x":-0.05128546059131622,"y":0.008086319081485272,"z":-0.00041525569395162165,"w":-0.998651385307312},"size":1131.9290771484375,"orthographic":false}