{"cameraMode":{"drawMode":0,"name":"Shaded","section":"Shading Mode"},"sceneLighting":false,"audioPlay":false,"sceneViewState":{"m_AlwaysRefresh":false,"showFog":true,"showSkybox":false,"showFlares":true,"showImageEffects":true,"showParticleSystems":true,"showVisualEffectGraphs":true,"m_FxEnabled":true},"in2DMode":false,"pivot":{"x":-3.063370704650879,"y":1.6438177824020386,"z":-4.853621006011963},"rotation":{"x":0.1050291582942009,"y":0.041756901890039447,"z":-0.004433989059180021,"w":0.9936351180076599},"size":1.3987797498703004,"orthographic":false}