{"cameraMode":{"drawMode":0,"name":"Shaded","section":"Shading Mode"},"sceneLighting":false,"audioPlay":false,"sceneViewState":{"m_AlwaysRefresh":false,"showFog":true,"showSkybox":false,"showFlares":true,"showImageEffects":true,"showParticleSystems":true,"showVisualEffectGraphs":true,"m_FxEnabled":true},"in2DMode":false,"pivot":{"x":0.03377075493335724,"y":1.0661662817001343,"z":1.778169870376587},"rotation":{"x":0.012333758175373078,"y":0.9832397699356079,"z":-0.07271003723144531,"w":0.1670551598072052},"size":1.294405221939087,"orthographic":false}